part_id,lot_id,value_0h,value_24h,value_96h,value_168h,is_defect,defect_type,defect_severity,datasheet_limit,lot_median_true,heavy_tail_lot
SN_001001,LOT_001,15.1071,15.9098,15.8569,16.1172,0,healthy,0.0,50.0,12.0731,0
SN_001002,LOT_001,12.4252,13.1367,13.3832,13.33,0,healthy,0.0,50.0,12.0731,0
SN_001003,LOT_001,13.5092,15.3154,15.7688,16.0329,0,healthy,0.0,50.0,12.0731,0
SN_001004,LOT_001,12.9416,14.4975,14.6628,15.3292,0,healthy,0.0,50.0,12.0731,0
SN_001005,LOT_001,14.0891,14.8096,15.1826,15.1802,0,healthy,0.0,50.0,12.0731,0
SN_001006,LOT_001,11.9066,13.4617,13.819,14.1155,0,healthy,0.0,50.0,12.0731,0
SN_001007,LOT_001,12.1718,13.3015,14.2069,14.4765,0,healthy,0.0,50.0,12.0731,0
SN_001008,LOT_001,12.7639,13.9033,14.5685,14.7309,0,healthy,0.0,50.0,12.0731,0
SN_001009,LOT_001,12.1416,13.1026,13.6526,13.9939,0,healthy,0.0,50.0,12.0731,0
SN_001010,LOT_001,12.4255,12.9127,13.2127,13.3525,0,healthy,0.0,50.0,12.0731,0
SN_001011,LOT_001,15.271,17.0472,17.7774,18.1971,0,healthy,0.0,50.0,12.0731,0
SN_001012,LOT_001,11.14,11.8702,12.1113,12.4019,0,healthy,0.0,50.0,12.0731,0
SN_001013,LOT_001,10.6572,11.9878,12.3581,12.5776,0,healthy,0.0,50.0,12.0731,0
SN_001014,LOT_001,11.8687,12.8244,13.3565,13.5634,0,healthy,0.0,50.0,12.0731,0
SN_001015,LOT_001,10.6919,15.2424,17.9758,19.6379,1,nbti_ageing,0.4261,50.0,12.0731,0
SN_001016,LOT_002,9.9861,10.5213,10.8397,11.0991,0,healthy,0.0,50.0,12.6341,0
SN_001017,LOT_002,13.1376,13.7125,13.8372,13.8912,0,healthy,0.0,50.0,12.6341,0
SN_001018,LOT_002,12.9644,14.5985,15.1916,15.3119,0,healthy,0.0,50.0,12.6341,0
SN_001019,LOT_002,12.7331,13.3043,13.3663,13.6042,0,healthy,0.0,50.0,12.6341,0
SN_001020,LOT_002,12.6369,14.0322,14.5575,14.6611,0,healthy,0.0,50.0,12.6341,0
SN_001021,LOT_002,13.9131,14.9871,15.6031,16.0627,0,healthy,0.0,50.0,12.6341,0
SN_001022,LOT_002,14.1569,15.2985,15.9792,16.0861,0,healthy,0.0,50.0,12.6341,0
SN_001023,LOT_002,10.0341,11.4221,11.8598,11.9797,0,healthy,0.0,50.0,12.6341,0
SN_001024,LOT_002,10.9101,12.4343,12.5292,12.6339,0,healthy,0.0,50.0,12.6341,0
SN_001025,LOT_002,13.1273,14.2972,14.788,15.2192,0,healthy,0.0,50.0,12.6341,0
SN_001026,LOT_002,12.4764,13.4502,13.6462,13.8037,0,healthy,0.0,50.0,12.6341,0
SN_001027,LOT_002,10.1288,11.0422,11.1875,11.2913,0,healthy,0.0,50.0,12.6341,0
SN_001028,LOT_002,13.4664,14.8531,15.7861,15.9013,0,healthy,0.0,50.0,12.6341,0
SN_001029,LOT_002,12.6656,13.8874,14.0331,14.0452,0,healthy,0.0,50.0,12.6341,0
SN_001030,LOT_002,13.7733,14.8372,15.1432,15.3704,0,healthy,0.0,50.0,12.6341,0
SN_001031,LOT_002,11.6704,12.9866,13.6586,14.0203,0,healthy,0.0,50.0,12.6341,0
SN_001032,LOT_003,14.718,15.5993,15.9199,15.9914,0,healthy,0.0,50.0,14.4413,0
SN_001033,LOT_003,11.9834,13.4631,13.9535,13.9869,0,healthy,0.0,50.0,14.4413,0
SN_001034,LOT_003,14.381,22.3932,28.7376,32.7032,1,nbti_ageing,0.7127,50.0,14.4413,0
SN_001035,LOT_003,17.8576,19.8576,20.236,20.4222,0,healthy,0.0,50.0,14.4413,0
SN_001036,LOT_003,12.9743,14.4205,14.6462,14.851,0,healthy,0.0,50.0,14.4413,0
SN_001037,LOT_003,13.9139,14.9936,15.0772,15.3174,0,healthy,0.0,50.0,14.4413,0
SN_001038,LOT_003,12.8436,13.3754,13.8263,13.9629,0,healthy,0.0,50.0,14.4413,0
SN_001039,LOT_003,12.4065,13.8408,14.2616,14.2931,0,healthy,0.0,50.0,14.4413,0
SN_001040,LOT_003,11.6435,12.994,13.4095,13.5901,0,healthy,0.0,50.0,14.4413,0
SN_001041,LOT_003,18.5579,20.7441,21.716,22.0586,0,healthy,0.0,50.0,14.4413,0
SN_001042,LOT_003,12.4192,13.8848,14.0566,14.4008,0,healthy,0.0,50.0,14.4413,0
SN_001043,LOT_003,13.8041,14.5161,14.6749,14.8346,0,healthy,0.0,50.0,14.4413,0
SN_001044,LOT_003,12.956,13.8172,13.951,14.1218,0,healthy,0.0,50.0,14.4413,0
SN_001045,LOT_003,13.3334,14.9201,15.5363,15.7163,0,healthy,0.0,50.0,14.4413,0
SN_001046,LOT_003,14.1569,15.904,16.2786,16.829,0,healthy,0.0,50.0,14.4413,0
SN_001047,LOT_003,14.9019,18.8197,20.577,21.6097,1,nbti_ageing,0.1688,50.0,14.4413,0
SN_001048,LOT_003,16.6016,19.191,19.5371,20.0551,0,healthy,0.0,50.0,14.4413,0
SN_001049,LOT_003,13.5326,14.2395,14.8293,14.83,0,healthy,0.0,50.0,14.4413,0
SN_001050,LOT_004,11.5409,12.0607,12.4346,12.7443,0,healthy,0.0,50.0,9.234,0
SN_001051,LOT_004,8.2976,8.6432,8.7483,8.6076,0,healthy,0.0,50.0,9.234,0
SN_001052,LOT_004,10.1113,10.523,10.7004,10.738,0,healthy,0.0,50.0,9.234,0
SN_001053,LOT_004,9.962,10.4592,10.6514,10.665,0,healthy,0.0,50.0,9.234,0
SN_001054,LOT_004,9.5847,10.7255,10.8963,11.0918,0,healthy,0.0,50.0,9.234,0
SN_001055,LOT_004,9.0201,9.9426,10.3715,10.5675,0,healthy,0.0,50.0,9.234,0
SN_001056,LOT_004,7.2884,7.5368,7.5862,7.7062,0,healthy,0.0,50.0,9.234,0
SN_001057,LOT_004,10.7885,11.9451,12.6295,12.6343,0,healthy,0.0,50.0,9.234,0
SN_001058,LOT_004,10.5134,11.0375,11.2129,11.5235,0,healthy,0.0,50.0,9.234,0
SN_001059,LOT_004,10.6987,11.7787,12.252,12.5524,0,healthy,0.0,50.0,9.234,0
SN_001060,LOT_004,11.5391,12.1783,12.369,12.4477,0,healthy,0.0,50.0,9.234,0
SN_001061,LOT_004,9.2941,9.7554,10.014,9.9606,0,healthy,0.0,50.0,9.234,0
SN_001062,LOT_004,10.9704,12.1753,12.2064,12.3329,0,healthy,0.0,50.0,9.234,0
SN_001063,LOT_004,10.7684,11.5591,11.5335,11.9345,0,healthy,0.0,50.0,9.234,0
SN_001064,LOT_004,9.047,10.2256,10.7012,10.9745,0,healthy,0.0,50.0,9.234,0
SN_001065,LOT_004,10.5882,11.002,11.4739,11.6236,0,healthy,0.0,50.0,9.234,0
SN_001066,LOT_005,12.255,14.0749,14.3857,14.7068,0,healthy,0.0,50.0,12.8975,0
SN_001067,LOT_005,15.3217,16.0133,16.0746,16.3298,0,healthy,0.0,50.0,12.8975,0
SN_001068,LOT_005,11.4043,11.9228,12.1234,12.0451,0,healthy,0.0,50.0,12.8975,0
SN_001069,LOT_005,12.0422,13.4358,14.0411,14.3315,0,healthy,0.0,50.0,12.8975,0
SN_001070,LOT_005,13.4368,13.9314,14.0274,14.2046,0,healthy,0.0,50.0,12.8975,0
SN_001071,LOT_005,13.1163,13.7457,14.0745,14.1326,0,healthy,0.0,50.0,12.8975,0
SN_001072,LOT_005,14.7252,16.6264,17.341,17.6302,0,healthy,0.0,50.0,12.8975,0
SN_001073,LOT_005,11.6721,12.8255,13.4858,13.6713,0,healthy,0.0,50.0,12.8975,0
SN_001074,LOT_005,11.7901,13.187,13.7759,13.9155,0,healthy,0.0,50.0,12.8975,0
SN_001075,LOT_005,14.0367,15.3533,16.0357,16.338,0,healthy,0.0,50.0,12.8975,0
SN_001076,LOT_005,11.1547,12.5787,12.8623,13.055,0,healthy,0.0,50.0,12.8975,0
SN_001077,LOT_005,12.7702,13.5279,14.0625,14.4722,0,healthy,0.0,50.0,12.8975,0
SN_001078,LOT_005,12.5943,13.903,14.4427,14.6943,0,healthy,0.0,50.0,12.8975,0
SN_001079,LOT_005,13.6613,14.1768,14.6891,14.5775,0,healthy,0.0,50.0,12.8975,0
SN_001080,LOT_005,11.5745,13.0679,13.5815,13.677,0,healthy,0.0,50.0,12.8975,0
SN_001081,LOT_006,12.9489,14.4127,15.0498,15.2815,0,healthy,0.0,50.0,12.7183,0
SN_001082,LOT_006,13.3469,14.0349,14.2973,14.2446,0,healthy,0.0,50.0,12.7183,0
SN_001083,LOT_006,10.6562,12.1449,12.4133,12.7415,0,healthy,0.0,50.0,12.7183,0
SN_001084,LOT_006,13.3322,13.8503,14.3371,14.1788,0,healthy,0.0,50.0,12.7183,0
SN_001085,LOT_006,12.3746,13.5456,14.2429,14.75,0,healthy,0.0,50.0,12.7183,0
SN_001086,LOT_006,11.5458,12.0541,12.3167,12.3208,0,healthy,0.0,50.0,12.7183,0
SN_001087,LOT_006,13.5967,15.1255,15.8585,15.8509,0,healthy,0.0,50.0,12.7183,0
SN_001088,LOT_006,12.3351,13.5819,13.8952,13.971,0,healthy,0.0,50.0,12.7183,0
SN_001089,LOT_006,12.9216,13.5299,13.4496,13.7897,0,healthy,0.0,50.0,12.7183,0
SN_001090,LOT_006,13.3456,14.2715,14.4897,14.9034,0,healthy,0.0,50.0,12.7183,0
SN_001091,LOT_006,13.2088,15.2452,15.6383,15.8934,0,healthy,0.0,50.0,12.7183,0
SN_001092,LOT_006,13.6284,15.1378,15.3563,15.8333,0,healthy,0.0,50.0,12.7183,0
SN_001093,LOT_006,14.4525,14.988,15.2154,15.4078,0,healthy,0.0,50.0,12.7183,0
SN_001094,LOT_006,13.6027,13.9177,14.392,14.6661,0,healthy,0.0,50.0,12.7183,0
SN_001095,LOT_006,13.2481,14.2804,15.1687,15.4076,0,healthy,0.0,50.0,12.7183,0
SN_001096,LOT_006,13.6627,15.0881,15.6261,15.4634,0,healthy,0.0,50.0,12.7183,0
SN_001097,LOT_007,19.6914,21.1985,21.7907,21.9756,0,healthy,0.0,50.0,18.1844,0
SN_001098,LOT_007,19.0905,19.9641,20.3623,21.0957,0,healthy,0.0,50.0,18.1844,0
SN_001099,LOT_007,15.7618,16.7071,17.132,17.2704,0,healthy,0.0,50.0,18.1844,0
SN_001100,LOT_007,16.9126,18.6613,18.8683,19.2935,0,healthy,0.0,50.0,18.1844,0
SN_001101,LOT_007,17.367,17.941,18.3536,18.214,0,healthy,0.0,50.0,18.1844,0
SN_001102,LOT_007,19.4242,21.6195,22.3475,22.8901,0,healthy,0.0,50.0,18.1844,0
SN_001103,LOT_007,18.1416,19.9468,20.3514,21.1274,0,healthy,0.0,50.0,18.1844,0
SN_001104,LOT_007,18.9187,20.111,20.5615,20.3381,0,healthy,0.0,50.0,18.1844,0
SN_001105,LOT_007,19.9526,21.4839,22.1323,21.993,0,healthy,0.0,50.0,18.1844,0
SN_001106,LOT_007,17.5925,18.4789,19.1609,19.5767,0,healthy,0.0,50.0,18.1844,0
SN_001107,LOT_007,16.7072,17.9039,18.246,18.4122,0,healthy,0.0,50.0,18.1844,0
SN_001108,LOT_007,17.4205,18.8859,19.4799,19.7137,0,healthy,0.0,50.0,18.1844,0
SN_001109,LOT_007,18.6516,19.0901,19.6119,19.5559,0,healthy,0.0,50.0,18.1844,0
SN_001110,LOT_007,17.3465,18.6657,19.7442,20.3059,0,healthy,0.0,50.0,18.1844,0
SN_001111,LOT_007,18.1911,18.9812,19.0814,19.2862,0,healthy,0.0,50.0,18.1844,0
SN_001112,LOT_008,8.2185,8.8589,9.2087,9.3671,0,healthy,0.0,50.0,8.2478,0
SN_001113,LOT_008,7.4391,7.8887,8.0626,8.1749,0,healthy,0.0,50.0,8.2478,0
SN_001114,LOT_008,7.5971,8.4076,8.7265,8.8716,0,healthy,0.0,50.0,8.2478,0
SN_001115,LOT_008,8.3506,8.7038,8.9853,9.0482,0,healthy,0.0,50.0,8.2478,0
SN_001116,LOT_008,8.5258,8.8796,9.2232,9.2775,0,healthy,0.0,50.0,8.2478,0
SN_001117,LOT_008,8.9251,9.7513,9.9018,9.8694,0,healthy,0.0,50.0,8.2478,0
SN_001118,LOT_008,8.2335,8.9938,9.2178,9.3076,0,healthy,0.0,50.0,8.2478,0
SN_001119,LOT_008,8.1375,9.0205,9.2401,9.3538,0,healthy,0.0,50.0,8.2478,0
SN_001120,LOT_008,7.2338,7.5806,7.7739,8.0111,0,healthy,0.0,50.0,8.2478,0
SN_001121,LOT_008,7.8611,8.761,8.922,9.0024,0,healthy,0.0,50.0,8.2478,0
SN_001122,LOT_008,8.0226,8.9088,9.2766,9.6085,0,healthy,0.0,50.0,8.2478,0
SN_001123,LOT_008,8.1154,8.8318,9.0727,9.1812,0,healthy,0.0,50.0,8.2478,0
SN_001124,LOT_008,8.1074,8.6309,8.5235,8.6636,0,healthy,0.0,50.0,8.2478,0
SN_001125,LOT_008,6.6156,6.9646,6.9937,7.0679,0,healthy,0.0,50.0,8.2478,0
SN_001126,LOT_008,8.4723,8.9697,9.5397,9.7436,0,healthy,0.0,50.0,8.2478,0
SN_001127,LOT_008,8.556,9.3293,9.6778,9.937,0,healthy,0.0,50.0,8.2478,0
SN_001128,LOT_008,11.1332,11.7095,12.0197,11.8794,0,healthy,0.0,50.0,8.2478,0
SN_001129,LOT_008,8.1325,8.3135,8.4996,8.5245,0,healthy,0.0,50.0,8.2478,0
SN_001130,LOT_009,10.3278,11.3156,11.5208,11.8571,0,healthy,0.0,50.0,9.7131,0
SN_001131,LOT_009,10.081,10.3227,10.6906,10.541,0,healthy,0.0,50.0,9.7131,0
SN_001132,LOT_009,8.4263,8.9045,9.0903,9.3025,0,healthy,0.0,50.0,9.7131,0
SN_001133,LOT_009,11.6021,12.2425,12.5091,12.973,0,healthy,0.0,50.0,9.7131,0
SN_001134,LOT_009,9.3549,9.7749,10.1172,10.2687,0,healthy,0.0,50.0,9.7131,0
SN_001135,LOT_009,9.4504,9.9145,10.197,10.1603,0,healthy,0.0,50.0,9.7131,0
SN_001136,LOT_009,10.1893,11.1724,11.6639,11.7566,0,healthy,0.0,50.0,9.7131,0
SN_001137,LOT_009,10.0054,11.1513,11.5467,11.5759,0,healthy,0.0,50.0,9.7131,0
SN_001138,LOT_009,10.9539,11.8421,12.2688,12.4357,0,healthy,0.0,50.0,9.7131,0
SN_001139,LOT_009,10.9198,11.9576,12.0775,12.3941,0,healthy,0.0,50.0,9.7131,0
SN_001140,LOT_009,8.9792,9.6947,10.1619,10.0996,0,healthy,0.0,50.0,9.7131,0
SN_001141,LOT_009,10.2237,10.7833,10.7354,11.0318,0,healthy,0.0,50.0,9.7131,0
SN_001142,LOT_009,9.9934,11.1442,11.7345,11.8606,0,healthy,0.0,50.0,9.7131,0
SN_001143,LOT_009,10.3674,11.0233,11.6644,11.5161,0,healthy,0.0,50.0,9.7131,0
SN_001144,LOT_009,9.5956,10.6733,11.2015,11.344,0,healthy,0.0,50.0,9.7131,0
SN_001145,LOT_010,10.9703,12.2385,12.6169,12.8419,0,healthy,0.0,50.0,11.6778,0
SN_001146,LOT_010,12.6752,13.5493,14.0419,13.9633,0,healthy,0.0,50.0,11.6778,0
SN_001147,LOT_010,11.3635,12.4538,12.5457,12.7077,0,healthy,0.0,50.0,11.6778,0
SN_001148,LOT_010,11.3672,11.7904,11.9887,11.9192,0,healthy,0.0,50.0,11.6778,0
SN_001149,LOT_010,12.046,12.9154,13.1355,13.5881,0,healthy,0.0,50.0,11.6778,0
SN_001150,LOT_010,10.0332,10.6459,11.0489,11.2183,0,healthy,0.0,50.0,11.6778,0
SN_001151,LOT_010,13.3956,14.4948,15.0445,15.1415,0,healthy,0.0,50.0,11.6778,0
SN_001152,LOT_010,10.6836,12.2105,12.6279,12.8407,0,healthy,0.0,50.0,11.6778,0
SN_001153,LOT_010,10.9123,11.9169,12.1478,12.1327,0,healthy,0.0,50.0,11.6778,0
SN_001154,LOT_010,12.9993,15.4553,22.6481,29.8079,1,electromigration,0.201,50.0,11.6778,0
SN_001155,LOT_010,10.5556,11.3964,11.5762,11.6455,0,healthy,0.0,50.0,11.6778,0
SN_001156,LOT_010,13.9595,15.5172,16.082,16.1666,0,healthy,0.0,50.0,11.6778,0
SN_001157,LOT_010,12.3145,13.4849,14.1251,14.4258,0,healthy,0.0,50.0,11.6778,0
SN_001158,LOT_010,10.6489,11.2584,11.1521,11.226,0,healthy,0.0,50.0,11.6778,0
SN_001159,LOT_010,10.2201,11.1173,11.4948,11.5311,0,healthy,0.0,50.0,11.6778,0
SN_001160,LOT_010,9.1691,10.0499,10.5369,10.4344,0,healthy,0.0,50.0,11.6778,0
SN_001161,LOT_010,13.4519,14.0651,14.2183,14.694,0,healthy,0.0,50.0,11.6778,0
SN_001162,LOT_011,10.4659,11.0879,11.4669,11.7925,0,healthy,0.0,50.0,10.1616,0
SN_001163,LOT_011,10.3739,11.1517,11.5946,11.7177,0,healthy,0.0,50.0,10.1616,0
SN_001164,LOT_011,9.6754,10.4043,10.5498,10.7654,0,healthy,0.0,50.0,10.1616,0
SN_001165,LOT_011,12.9377,14.4278,15.1019,15.4045,0,healthy,0.0,50.0,10.1616,0
SN_001166,LOT_011,9.4451,10.3204,10.7166,10.8057,0,healthy,0.0,50.0,10.1616,0
SN_001167,LOT_011,9.9945,10.6038,10.8521,10.9485,0,healthy,0.0,50.0,10.1616,0
SN_001168,LOT_011,10.9264,12.2933,12.9707,13.0227,0,healthy,0.0,50.0,10.1616,0
SN_001169,LOT_011,10.9002,11.3432,11.3633,11.4513,0,healthy,0.0,50.0,10.1616,0
SN_001170,LOT_011,9.2083,10.062,10.4355,10.5281,0,healthy,0.0,50.0,10.1616,0
SN_001171,LOT_011,9.6738,10.5873,11.0473,10.9973,0,healthy,0.0,50.0,10.1616,0
SN_001172,LOT_011,12.1685,12.8476,13.0913,13.1846,0,healthy,0.0,50.0,10.1616,0
SN_001173,LOT_011,8.1608,8.532,8.8998,8.9652,0,healthy,0.0,50.0,10.1616,0
SN_001174,LOT_011,9.9505,10.6556,11.0416,11.0191,0,healthy,0.0,50.0,10.1616,0
SN_001175,LOT_011,12.2476,13.3994,13.6737,13.8406,0,healthy,0.0,50.0,10.1616,0
SN_001176,LOT_011,8.8242,9.3333,9.5134,9.7665,0,healthy,0.0,50.0,10.1616,0
SN_001177,LOT_011,8.0203,8.4836,8.712,8.8165,0,healthy,0.0,50.0,10.1616,0
SN_001178,LOT_011,9.4899,10.1659,10.6596,10.7767,0,healthy,0.0,50.0,10.1616,0
SN_001179,LOT_011,7.2548,7.836,8.0472,8.1794,0,healthy,0.0,50.0,10.1616,0
SN_001180,LOT_011,9.8945,10.6967,11.2266,11.4783,0,healthy,0.0,50.0,10.1616,0
SN_001181,LOT_012,16.9408,18.4018,18.6312,19.1733,0,healthy,0.0,50.0,12.4245,0
SN_001182,LOT_012,13.9766,15.4982,15.7891,16.0293,0,healthy,0.0,50.0,12.4245,0
SN_001183,LOT_012,11.9418,12.5959,12.8082,12.8887,0,healthy,0.0,50.0,12.4245,0
SN_001184,LOT_012,11.0539,11.8221,12.3641,12.5634,0,healthy,0.0,50.0,12.4245,0
SN_001185,LOT_012,11.3991,12.0043,12.0551,12.1435,0,healthy,0.0,50.0,12.4245,0
SN_001186,LOT_012,10.6861,11.4021,11.8495,11.918,0,healthy,0.0,50.0,12.4245,0
SN_001187,LOT_012,16.4666,17.4109,17.7517,18.1105,0,healthy,0.0,50.0,12.4245,0
SN_001188,LOT_012,12.254,13.03,12.9831,13.1607,0,healthy,0.0,50.0,12.4245,0
SN_001189,LOT_012,13.3729,14.4881,14.8191,15.0196,0,healthy,0.0,50.0,12.4245,0
SN_001190,LOT_012,11.6646,12.9862,13.1623,13.6647,0,healthy,0.0,50.0,12.4245,0
SN_001191,LOT_012,10.9974,11.5181,11.7348,11.8671,0,healthy,0.0,50.0,12.4245,0
SN_001192,LOT_012,10.2625,11.1027,11.0192,11.1592,0,healthy,0.0,50.0,12.4245,0
SN_001193,LOT_012,12.3754,12.7367,13.0905,13.1118,0,healthy,0.0,50.0,12.4245,0
SN_001194,LOT_012,10.3389,11.4581,11.7859,12.2257,0,healthy,0.0,50.0,12.4245,0
SN_001195,LOT_012,11.6022,12.751,13.4265,13.7122,0,healthy,0.0,50.0,12.4245,0
SN_001196,LOT_012,15.3695,17.451,17.8979,18.2232,0,healthy,0.0,50.0,12.4245,0
SN_001197,LOT_012,11.1141,11.6005,11.845,11.7502,0,healthy,0.0,50.0,12.4245,0
SN_001198,LOT_012,10.8371,12.1247,12.8239,13.0603,0,healthy,0.0,50.0,12.4245,0
SN_001199,LOT_012,11.7039,12.1985,12.4502,12.6766,0,healthy,0.0,50.0,12.4245,0
SN_001200,LOT_012,13.985,15.5642,15.9491,16.1284,0,healthy,0.0,50.0,12.4245,0
SN_001201,LOT_013,8.3171,8.7698,9.0137,9.1861,0,healthy,0.0,50.0,9.4112,0
SN_001202,LOT_013,10.5154,11.9777,12.3402,12.5359,0,healthy,0.0,50.0,9.4112,0
SN_001203,LOT_013,11.0932,11.5657,12.123,12.0697,0,healthy,0.0,50.0,9.4112,0
SN_001204,LOT_013,8.6224,8.9607,9.0793,9.2776,0,healthy,0.0,50.0,9.4112,0
SN_001205,LOT_013,8.0659,8.5233,8.5836,8.5075,0,healthy,0.0,50.0,9.4112,0
SN_001206,LOT_013,9.434,10.0693,10.206,10.427,0,healthy,0.0,50.0,9.4112,0
SN_001207,LOT_013,9.9582,10.7181,10.9537,11.0214,0,healthy,0.0,50.0,9.4112,0
SN_001208,LOT_013,10.0636,10.5628,10.5007,10.7816,0,healthy,0.0,50.0,9.4112,0
SN_001209,LOT_013,11.0247,11.8589,12.0939,12.1751,0,healthy,0.0,50.0,9.4112,0
SN_001210,LOT_013,9.8202,10.7467,11.1784,11.3729,0,healthy,0.0,50.0,9.4112,0
SN_001211,LOT_013,8.5844,9.438,9.6275,9.7223,0,healthy,0.0,50.0,9.4112,0
SN_001212,LOT_013,9.224,10.0048,10.4032,10.5392,0,healthy,0.0,50.0,9.4112,0
SN_001213,LOT_013,10.1402,11.246,11.4554,11.6676,0,healthy,0.0,50.0,9.4112,0
SN_001214,LOT_013,7.6466,8.7214,8.9533,8.9816,0,healthy,0.0,50.0,9.4112,0
SN_001215,LOT_013,9.2886,9.6462,9.8479,9.826,0,healthy,0.0,50.0,9.4112,0
SN_001216,LOT_013,8.2389,9.0814,9.1915,9.2974,0,healthy,0.0,50.0,9.4112,0
SN_001217,LOT_013,9.3635,10.3492,10.5476,10.6655,0,healthy,0.0,50.0,9.4112,0
SN_001218,LOT_013,10.9488,11.7382,12.1038,12.0217,0,healthy,0.0,50.0,9.4112,0
SN_001219,LOT_014,7.8764,8.5538,8.9461,9.1325,0,healthy,0.0,50.0,7.7707,0
SN_001220,LOT_014,7.7378,8.0042,8.0822,8.0911,0,healthy,0.0,50.0,7.7707,0
SN_001221,LOT_014,8.2283,8.6605,8.7657,8.9335,0,healthy,0.0,50.0,7.7707,0
SN_001222,LOT_014,7.7931,8.5346,8.8828,9.0805,0,healthy,0.0,50.0,7.7707,0
SN_001223,LOT_014,7.0996,7.4341,7.6394,7.7339,0,healthy,0.0,50.0,7.7707,0
SN_001224,LOT_014,8.5126,8.8813,9.2144,9.1825,0,healthy,0.0,50.0,7.7707,0
SN_001225,LOT_014,6.2907,6.8441,7.0429,7.068,0,healthy,0.0,50.0,7.7707,0
SN_001226,LOT_014,7.0556,7.6431,7.9936,8.1802,0,healthy,0.0,50.0,7.7707,0
SN_001227,LOT_014,7.2454,7.887,8.2034,8.3773,0,healthy,0.0,50.0,7.7707,0
SN_001228,LOT_014,8.2734,8.6276,8.6892,8.6646,0,healthy,0.0,50.0,7.7707,0
SN_001229,LOT_014,8.662,9.3189,9.5818,9.866,0,healthy,0.0,50.0,7.7707,0
SN_001230,LOT_014,6.5942,6.9536,7.1107,7.2919,0,healthy,0.0,50.0,7.7707,0
SN_001231,LOT_014,7.6409,8.4087,8.6961,8.6629,0,healthy,0.0,50.0,7.7707,0
SN_001232,LOT_014,7.6144,7.9627,8.0779,8.1501,0,healthy,0.0,50.0,7.7707,0
SN_001233,LOT_014,7.3463,8.1551,8.254,8.2808,0,healthy,0.0,50.0,7.7707,0
SN_001234,LOT_015,7.5504,8.2325,8.4971,8.6069,0,healthy,0.0,50.0,8.7313,0
SN_001235,LOT_015,9.6485,10.1066,10.3429,10.6485,0,healthy,0.0,50.0,8.7313,0
SN_001236,LOT_015,9.2939,9.6903,9.9757,10.0306,0,healthy,0.0,50.0,8.7313,0
SN_001237,LOT_015,9.7712,10.091,10.2634,10.4042,0,healthy,0.0,50.0,8.7313,0
SN_001238,LOT_015,7.7583,8.6014,8.9131,9.2094,0,healthy,0.0,50.0,8.7313,0
SN_001239,LOT_015,8.0624,8.9496,9.1381,9.3965,0,healthy,0.0,50.0,8.7313,0
SN_001240,LOT_015,10.8081,11.9893,12.5831,12.8691,0,healthy,0.0,50.0,8.7313,0
SN_001241,LOT_015,10.8201,11.5319,11.8763,12.1253,0,healthy,0.0,50.0,8.7313,0
SN_001242,LOT_015,8.5393,9.0502,9.2516,9.1804,0,healthy,0.0,50.0,8.7313,0
SN_001243,LOT_015,9.818,10.5071,10.9253,11.1462,0,healthy,0.0,50.0,8.7313,0
SN_001244,LOT_015,8.0026,8.7579,9.0787,9.4351,0,healthy,0.0,50.0,8.7313,0
SN_001245,LOT_015,9.6366,10.0143,10.123,10.2962,0,healthy,0.0,50.0,8.7313,0
SN_001246,LOT_015,8.9569,9.683,10.0926,10.1368,0,healthy,0.0,50.0,8.7313,0
SN_001247,LOT_015,8.2138,9.0275,9.268,9.4508,0,healthy,0.0,50.0,8.7313,0
SN_001248,LOT_015,9.8537,10.3447,10.4651,10.4782,0,healthy,0.0,50.0,8.7313,0
SN_001249,LOT_015,8.3601,9.37,9.6921,9.8417,0,healthy,0.0,50.0,8.7313,0
SN_001250,LOT_015,8.1771,8.5804,8.7336,8.907,0,healthy,0.0,50.0,8.7313,0
SN_001251,LOT_016,11.175,11.8862,11.9431,12.1496,0,healthy,0.0,50.0,11.1534,0
SN_001252,LOT_016,11.5386,12.1054,12.1302,12.3467,0,healthy,0.0,50.0,11.1534,0
SN_001253,LOT_016,11.7199,12.3516,12.7339,12.8035,0,healthy,0.0,50.0,11.1534,0
SN_001254,LOT_016,10.3572,11.7884,12.2585,12.2908,0,healthy,0.0,50.0,11.1534,0
SN_001255,LOT_016,12.8429,13.8761,14.3513,14.5347,0,healthy,0.0,50.0,11.1534,0
SN_001256,LOT_016,11.1736,12.5044,13.0713,13.3367,0,healthy,0.0,50.0,11.1534,0
SN_001257,LOT_016,12.6282,13.6198,13.9454,14.1505,0,healthy,0.0,50.0,11.1534,0
SN_001258,LOT_016,9.6009,10.0895,10.3678,10.5377,0,healthy,0.0,50.0,11.1534,0
SN_001259,LOT_016,10.8881,11.6173,11.6544,12.1741,0,healthy,0.0,50.0,11.1534,0
SN_001260,LOT_016,8.8804,9.3072,9.5076,9.5686,0,healthy,0.0,50.0,11.1534,0
SN_001261,LOT_016,10.818,12.1111,12.2266,12.464,0,healthy,0.0,50.0,11.1534,0
SN_001262,LOT_016,10.1451,11.295,11.6592,11.8107,0,healthy,0.0,50.0,11.1534,0
SN_001263,LOT_016,11.3209,12.0509,12.2328,12.4032,0,healthy,0.0,50.0,11.1534,0
SN_001264,LOT_016,11.22,12.7903,13.0836,13.4112,0,healthy,0.0,50.0,11.1534,0
SN_001265,LOT_016,10.8211,11.9185,12.4683,12.8801,0,healthy,0.0,50.0,11.1534,0
SN_001266,LOT_016,11.3068,12.2781,12.5083,12.8942,0,healthy,0.0,50.0,11.1534,0
SN_001267,LOT_016,11.0879,11.6937,12.0597,12.0978,0,healthy,0.0,50.0,11.1534,0
SN_001268,LOT_016,10.8437,11.9706,12.2077,12.4738,0,healthy,0.0,50.0,11.1534,0
SN_001269,LOT_017,11.8213,12.6427,13.1774,13.2977,0,healthy,0.0,50.0,11.7077,0
SN_001270,LOT_017,11.3908,12.0166,12.0661,12.1941,0,healthy,0.0,50.0,11.7077,0
SN_001271,LOT_017,13.7235,14.1258,14.4777,14.725,0,healthy,0.0,50.0,11.7077,0
SN_001272,LOT_017,11.3413,11.7596,12.0673,12.4231,0,healthy,0.0,50.0,11.7077,0
SN_001273,LOT_017,11.8838,12.1994,12.3741,12.4761,0,healthy,0.0,50.0,11.7077,0
SN_001274,LOT_017,13.3231,13.909,13.8299,14.0339,0,healthy,0.0,50.0,11.7077,0
SN_001275,LOT_017,9.9981,10.3006,10.5293,10.6011,0,healthy,0.0,50.0,11.7077,0
SN_001276,LOT_017,12.2791,13.2978,13.659,13.7294,0,healthy,0.0,50.0,11.7077,0
SN_001277,LOT_017,9.8193,11.1297,11.4238,11.5435,0,healthy,0.0,50.0,11.7077,0
SN_001278,LOT_017,10.3164,11.67,12.0329,12.3978,0,healthy,0.0,50.0,11.7077,0
SN_001279,LOT_017,12.5334,13.0824,13.2695,13.618,0,healthy,0.0,50.0,11.7077,0
SN_001280,LOT_017,13.4025,14.9986,15.6465,16.0854,0,healthy,0.0,50.0,11.7077,0
SN_001281,LOT_017,11.3299,12.1682,12.477,12.5246,0,healthy,0.0,50.0,11.7077,0
SN_001282,LOT_017,10.9712,11.7535,11.8851,12.1011,0,healthy,0.0,50.0,11.7077,0
SN_001283,LOT_017,12.2746,13.2235,13.6628,14.085,0,healthy,0.0,50.0,11.7077,0
SN_001284,LOT_017,11.6589,13.1865,13.5463,13.7018,0,healthy,0.0,50.0,11.7077,0
SN_001285,LOT_017,13.1323,14.2628,14.9555,15.2949,0,healthy,0.0,50.0,11.7077,0
SN_001286,LOT_017,11.1936,11.6201,11.9375,11.8589,0,healthy,0.0,50.0,11.7077,0
SN_001287,LOT_017,13.9587,15.6328,16.3091,16.6592,0,healthy,0.0,50.0,11.7077,0
SN_001288,LOT_018,9.2454,9.9412,10.0529,10.258,0,healthy,0.0,50.0,9.4186,0
SN_001289,LOT_018,9.3716,9.9881,10.4753,10.8353,0,healthy,0.0,50.0,9.4186,0
SN_001290,LOT_018,9.2654,9.9089,10.3848,10.6438,0,healthy,0.0,50.0,9.4186,0
SN_001291,LOT_018,9.7844,10.3554,10.5249,10.7662,0,healthy,0.0,50.0,9.4186,0
SN_001292,LOT_018,9.5166,10.2753,10.6477,10.6758,0,healthy,0.0,50.0,9.4186,0
SN_001293,LOT_018,8.849,9.3676,9.6748,9.608,0,healthy,0.0,50.0,9.4186,0
SN_001294,LOT_018,8.1176,8.5936,8.7232,8.5383,0,healthy,0.0,50.0,9.4186,0
SN_001295,LOT_018,10.4689,11.1434,11.0609,11.3393,0,healthy,0.0,50.0,9.4186,0
SN_001296,LOT_018,8.6937,9.2291,10.0634,10.1923,0,healthy,0.0,50.0,9.4186,0
SN_001297,LOT_018,8.8562,9.2865,9.6022,9.8372,0,healthy,0.0,50.0,9.4186,0
SN_001298,LOT_018,10.0733,10.5161,10.4291,10.6092,0,healthy,0.0,50.0,9.4186,0
SN_001299,LOT_018,9.2486,9.8112,10.1142,10.1128,0,healthy,0.0,50.0,9.4186,0
SN_001300,LOT_018,10.2258,11.479,11.9067,12.0306,0,healthy,0.0,50.0,9.4186,0
SN_001301,LOT_018,10.0339,11.333,11.7157,11.9453,0,healthy,0.0,50.0,9.4186,0
SN_001302,LOT_018,8.9048,9.4072,9.6311,9.5472,0,healthy,0.0,50.0,9.4186,0
SN_001303,LOT_018,10.8979,11.2763,11.5884,11.5315,0,healthy,0.0,50.0,9.4186,0
SN_001304,LOT_018,9.2726,10.3573,10.713,10.9529,0,healthy,0.0,50.0,9.4186,0
SN_001305,LOT_018,9.1967,10.0139,10.3815,10.5725,0,healthy,0.0,50.0,9.4186,0
SN_001306,LOT_018,10.0776,10.5904,10.8481,10.7596,0,healthy,0.0,50.0,9.4186,0
SN_001307,LOT_019,11.676,12.4337,12.9975,12.9388,0,healthy,0.0,50.0,11.3863,0
SN_001308,LOT_019,10.4207,11.4085,12.1146,12.1738,0,healthy,0.0,50.0,11.3863,0
SN_001309,LOT_019,10.7066,10.8743,11.1182,11.4499,0,healthy,0.0,50.0,11.3863,0
SN_001310,LOT_019,11.3982,12.4728,13.0464,13.38,0,healthy,0.0,50.0,11.3863,0
SN_001311,LOT_019,11.126,12.2354,12.8353,13.0953,0,healthy,0.0,50.0,11.3863,0
SN_001312,LOT_019,9.8208,10.7569,11.0305,11.3622,0,healthy,0.0,50.0,11.3863,0
SN_001313,LOT_019,11.2577,11.6465,11.7421,11.9249,0,healthy,0.0,50.0,11.3863,0
SN_001314,LOT_019,9.9955,11.1308,11.676,11.9003,0,healthy,0.0,50.0,11.3863,0
SN_001315,LOT_019,10.154,10.8526,11.1892,11.4813,0,healthy,0.0,50.0,11.3863,0
SN_001316,LOT_019,10.0707,10.6539,10.7245,10.8644,0,healthy,0.0,50.0,11.3863,0
SN_001317,LOT_019,14.0706,15.7533,16.3327,16.8087,0,healthy,0.0,50.0,11.3863,0
SN_001318,LOT_019,10.2482,10.9672,11.398,11.5332,0,healthy,0.0,50.0,11.3863,0
SN_001319,LOT_019,12.2838,13.0719,13.4209,13.6075,0,healthy,0.0,50.0,11.3863,0
SN_001320,LOT_019,11.0411,12.4785,12.8268,13.1908,0,healthy,0.0,50.0,11.3863,0
SN_001321,LOT_019,10.213,11.2806,11.6233,11.8326,0,healthy,0.0,50.0,11.3863,0
SN_001322,LOT_020,8.6616,9.1963,9.4349,9.4608,0,healthy,0.0,50.0,7.8433,0
SN_001323,LOT_020,6.5341,7.0397,7.288,7.3259,0,healthy,0.0,50.0,7.8433,0
SN_001324,LOT_020,5.7376,6.1078,6.2195,6.295,0,healthy,0.0,50.0,7.8433,0
SN_001325,LOT_020,6.9822,7.5562,7.8255,8.0089,0,healthy,0.0,50.0,7.8433,0
SN_001326,LOT_020,9.7284,10.3819,10.6408,10.6694,0,healthy,0.0,50.0,7.8433,0
SN_001327,LOT_020,8.33,9.2777,9.521,9.7043,0,healthy,0.0,50.0,7.8433,0
SN_001328,LOT_020,8.6494,9.4339,9.9355,9.9305,0,healthy,0.0,50.0,7.8433,0
SN_001329,LOT_020,7.6827,8.6132,8.9508,9.1538,0,healthy,0.0,50.0,7.8433,0
SN_001330,LOT_020,8.7684,10.0652,10.3494,10.5436,0,healthy,0.0,50.0,7.8433,0
SN_001331,LOT_020,7.9599,8.4915,8.6867,8.7991,0,healthy,0.0,50.0,7.8433,0
SN_001332,LOT_020,6.3593,6.814,7.0829,7.1057,0,healthy,0.0,50.0,7.8433,0
SN_001333,LOT_020,5.5777,5.8153,5.9387,5.9633,0,healthy,0.0,50.0,7.8433,0
SN_001334,LOT_020,7.5842,8.0506,8.2225,8.3957,0,healthy,0.0,50.0,7.8433,0
SN_001335,LOT_020,8.5436,9.3092,9.74,9.8183,0,healthy,0.0,50.0,7.8433,0
SN_001336,LOT_020,10.1371,10.5325,10.6611,10.816,0,healthy,0.0,50.0,7.8433,0
SN_001337,LOT_020,7.032,7.4225,7.354,7.544,0,healthy,0.0,50.0,7.8433,0
